MATERIAL,DESCR,MATL_GROUP,BASE_UNIT
MAT000001,Material 1,,M
MAT000002,Material 2,,KG
MAT000003,Material 3,,PC
MAT000004,Material 4,MEC,M
MAT000005,Material 5,ELE,PC
MAT000006,Material 6,MEC,KG
MAT000007,Material 7,ELE,PC
MAT000008,Material 8,HYD,M
MAT000009,Material 9,MEC,KG
MAT000010,Material 10,ELE,M
MAT000011,Material 11,HYD,M
MAT000012,Material 12,HYD,PC
MAT000013,Material 13,HYD,PC
MAT000014,Material 14,ELE,M
MAT000015,Material 15,HYD,KG
MAT000016,Material 16,SEN,KG
MAT000017,Material 17,ELE,M
MAT000018,Material 18,ELE,M
MAT000019,Material 19,SEN,KG
MAT000020,Material 20,HYD,M
MAT000021,Material 21,HYD,KG
MAT000022,Material 22,SEN,KG
MAT000023,Material 23,HYD,M
MAT000024,Material 24,SEN,KG
MAT000025,Material 25,ELE,M
MAT000026,Material 26,SEN,PC
MAT000027,Material 27,HYD,M
MAT000028,Material 28,HYD,KG
MAT000029,Material 29,HYD,KG
MAT000030,Material 30,MEC,PC
MAT000031,Material 31,HYD,M
MAT000032,Material 32,HYD,PC
MAT000033,Material 33,ELE,PC
MAT000034,Material 34,MEC,KG
MAT000035,Material 35,MEC,KG
MAT000036,Material 36,HYD,M
MAT000037,Material 37,ELE,M
MAT000038,Material 38,SEN,KG
MAT000039,Material 39,HYD,KG
MAT000040,Material 40,SEN,PC
MAT000041,Material 41,MEC,PC
MAT000042,Material 42,ELE,PC
MAT000043,Material 43,HYD,PC
MAT000044,Material 44,HYD,KG
MAT000045,Material 45,MEC,PC
MAT000046,Material 46,ELE,KG
MAT000047,Material 47,ELE,M
MAT000048,Material 48,ELE,KG
MAT000049,Material 49,MEC,PC
MAT000050,Material 50,MEC,KG
MAT000051,Material 51,ELE,PC
MAT000052,Material 52,SEN,M
MAT000053,Material 53,SEN,PC
MAT000054,Material 54,ELE,PC
MAT000055,Material 55,MEC,M
MAT000056,Material 56,HYD,PC
MAT000057,Material 57,ELE,PC
MAT000058,Material 58,MEC,KG
MAT000059,Material 59,HYD,M
MAT000060,Material 60,SEN,KG
