DOC_NUMBER,DOC_ITEM,CALDAY,MATERIAL,CUSTOMER,COMP_CODE,QUANTITY,UNIT,NET_VALUE,CURRENCY
4500000000,000010,20260517,MAT000004,C00016,3000,7,M,336.49,CHF
4500000000,000020,20260820,MAT000026,C00019,3000,17,PC,2910.74,EUR
4500000001,000010,20260405,MAT000060,C00031,3000,47,KG,18376.53,CHF
4500000001,000020,20260409,MAT000055,C00014,3000,40,M,9906.00,EUR
4500000002,000010,20260108,MAT000005,C00003,1000,18,PC,3015.18,USD
4500000002,000020,20260205,MAT000024,C00024,1000,34,KG,7854.34,USD
4500000003,000010,20260317,MAT000022,C00038,1000,43,KG,12663.50,EUR
4500000003,000020,20260102,MAT000031,C00039,3000,23,M,6483.24,EUR
4500000004,000010,20260311,MAT000031,,1000,5,M,1467.75,USD
4500000004,000020,20260324,MAT000035,C00022,2000,24,KG,7106.88,EUR
4500000005,000010,20260728,MAT000044,C00002,2000,31,KG,11185.73,CHF
4500000005,000020,20260113,MAT000001,C00039,1000,40,M,10663.60,EUR
4500000006,000010,20260709,MAT000006,C00022,2000,41,KG,2076.65,CHF
4500000006,000020,20260915,MAT900001,C00006,3000,38,PC,7060.78,CHF
4500000007,000010,20260116,MAT000002,C00015,3000,20,KG,4850.20,EUR
4500000007,000020,20260516,MAT000032,C00001,2000,50,PC,12386.50,USD
4500000008,000010,20260317,MAT000010,,3000,44,M,10852.16,USD
4500000008,000020,20260522,MAT000032,C00013,3000,16,PC,2146.40,USD
4500000009,000010,20260707,MAT000052,C00015,3000,49,M,17939.88,USD
4500000009,000020,20260112,MAT000014,C00005,2000,9,M,523.35,XXX
4500000010,000010,20260707,MAT000008,C00025,3000,29,M,5544.22,CHF
4500000010,000020,20260827,MAT000032,C00021,1000,44,PC,5701.08,EUR
4500000011,000010,20260523,MAT000018,C00037,2000,39,M,834.21,USD
4500000011,000020,20260705,MAT000042,C00030,1000,37,PC,464.35,EUR
4500000012,000010,20260105,MAT000050,C00008,2000,18,KG,1778.04,EUR
4500000012,000020,20260626,MAT000041,C00005,3000,35,PC,9230.90,EUR
4500000013,000010,20260123,MAT000013,C00031,3000,31,PC,3290.34,CHF
4500000013,000020,20260625,MAT000003,C00035,3000,12,PC,1133.40,CHF
4500000014,000010,20260706,MAT000033,C00015,1000,40,PC,15949.60,USD
4500000014,000020,20260815,MAT000060,C00013,3000,47,KG,7437.75,EUR
4500000015,000010,20260617,MAT000025,C00030,2000,36,M,8268.48,CHF
4500000015,000020,20260227,MAT000014,C00014,1000,7,M,2031.12,USD
4500000016,000010,20260626,MAT000006,C00017,3000,20,KG,4342.00,EUR
4500000016,000020,20260615,MAT000023,C00036,2000,33,M,1244.10,USD
4500000017,000010,20260228,MAT000032,C00028,1000,2,PC,182.46,EUR
4500000017,000020,20260805,MAT000035,C00010,3000,22,KG,6076.40,CHF
4500000018,000010,20260216,MAT000034,C00015,2000,44,KG,12201.20,CHF
4500000018,000020,20260318,MAT000036,C00034,3000,19,M,6332.89,CHF
4500000019,000010,20260428,MAT000017,C00020,1000,20,M,5403.20,CHF
4500000019,000020,20260707,MAT000034,C00035,1000,18,KG,4163.94,CHF
4500000020,000010,20260118,MAT000001,C00034,2000,39,M,6003.27,CHF
4500000020,000020,20260303,MAT000052,C00005,3000,37,M,1966.92,USD
4500000021,000010,20260816,MAT000027,C00009,2000,26,M,2894.84,USD
4500000021,000020,20260404,MAT000058,C00027,3000,31,KG,6583.47,EUR
4500000022,000010,20260125,MAT000060,C00003,1000,17,KG,954.38,EUR
4500000022,000020,20260611,MAT000015,C00016,3000,1,KG,276.38,USD
4500000023,000010,20260904,MAT000007,C00040,2000,32,PC,9398.40,CHF
4500000023,000020,20260114,MAT000013,C00025,3000,45,PC,9652.05,USD
4500000024,000010,20260418,MAT000053,C00035,3000,34,PC,8440.16,EUR
4500000024,000020,20260320,MAT000034,C00015,3000,14,KG,4777.50,CHF
4500000025,000010,20260611,MAT000052,C00013,1000,23,M,8315.88,EUR
4500000025,000020,20260308,MAT000057,C00006,2000,7,PC,405.30,USD
4500000026,000010,20260914,MAT000007,C00009,1000,28,PC,9343.88,USD
4500000026,000020,20260404,MAT000041,,3000,44,PC,14104.20,USD
4500000027,000010,20260617,MAT000059,C00033,3000,24,M,1214.16,EUR
4500000027,000020,20260101,MAT000052,C00036,3000,5,M,977.10,CHF
4500000028,000010,20260307,MAT000058,C00008,1000,37,KG,7218.70,EUR
4500000028,000020,20260222,MAT000054,C00038,1000,11,PC,4357.87,EUR
4500000029,000010,20260604,MAT000044,C00026,2000,30,KG,1069.50,USD
4500000029,000020,20260620,MAT000033,C00001,3000,23,PC,4022.24,CHF
4500000030,000010,20260615,MAT000003,C00024,2000,13,PC,995.80,EUR
4500000030,000020,20260126,MAT000039,C00021,1000,11,KG,466.95,CHF
4500000031,000010,20260419,MAT000057,C00033,3000,41,PC,15421.74,USD
4500000031,000020,20260304,MAT000052,C00026,1000,49,M,5243.49,USD
4500000032,000010,20260725,MAT000057,C00012,2000,35,PC,9780.75,EUR
4500000032,000020,20260511,MAT000047,C00031,1000,12,M,394.44,EUR
4500000033,000010,20260120,MAT000057,C00015,2000,23,PC,9114.44,CHF
4500000033,000020,20260313,MAT000020,C00035,1000,22,M,1987.48,USD
4500000034,000010,20260223,MAT000033,C00026,3000,32,PC,8278.08,EUR
4500000034,000020,20260508,MAT000008,C00029,2000,40,M,1907.20,CHF
4500000035,000010,20260113,MAT000004,C00007,2000,49,M,4027.80,USD
4500000035,000020,20260717,MAT000018,C00034,3000,22,M,4889.94,EUR
4500000036,000010,20260903,MAT000041,C00039,3000,29,PC,9418.04,EUR
4500000036,000020,20260806,MAT000025,C00035,3000,11,M,1731.73,CHF
4500000037,000010,20260514,MAT000004,C00034,2000,28,M,10594.64,CHF
4500000037,000020,20260516,MAT000020,C00036,2000,24,M,5148.24,CHF
4500000038,000010,20260401,MAT000046,C00038,1000,48,KG,5853.12,CHF
4500000038,000020,20260113,MAT000011,C00021,3000,27,M,8183.16,USD
4500000039,000010,20260211,MAT000004,C00015,2000,38,M,15031.28,CHF
4500000039,000020,20260108,MAT000031,C00034,1000,17,M,6619.80,CHF
4500000040,000010,20260427,MAT000059,C00039,3000,30,M,1860.60,EUR
4500000040,000020,20260404,MAT000004,C00004,2000,40,M,6791.20,CHF
4500000041,000010,20260705,MAT000010,C00030,3000,8,M,1188.00,USD
4500000041,000020,20260912,MAT000041,C00009,2000,38,PC,10426.82,CHF
4500000042,000010,20260517,MAT000009,C00033,3000,16,KG,3120.64,USD
4500000042,000020,20260424,MAT000018,C00018,1000,18,M,8000000.00,EUR
4500000043,000010,20260107,MAT000016,C00004,1000,33,??,12935.67,USD
4500000043,000020,20260202,MAT000017,C00015,3000,28,M,437.64,USD
4500000044,000010,20260322,MAT000005,C00036,1000,49,PC,1917.86,CHF
4500000044,000020,20260607,MAT000024,C00022,2000,31,KG,6014.93,CHF
4500000045,000010,20260415,MAT000009,C00029,2000,5,KG,1609.45,CHF
4500000045,000020,20260312,MAT000017,C00039,2000,25,M,8122.50,USD
4500000046,000010,20260706,MAT900002,C00024,3000,49,M,14685.79,EUR
4500000046,000020,20260703,MAT000030,C00037,3000,21,PC,756.21,USD
4500000047,000010,20260127,MAT000053,C00005,2000,-44,PC,8275.96,EUR
4500000047,000020,20260523,MAT000059,C00032,3000,43,M,10469.21,CHF
4500000048,000010,20260608,MAT000021,C00021,2000,19,KG,6712.32,EUR
4500000048,000020,20260520,MAT000021,C00029,3000,46,KG,8242.74,USD
4500000049,000010,20260924,MAT000030,C00016,1000,21,PC,1939.98,USD
4500000049,000020,20260722,MAT000054,C00038,2000,24,PC,348.72,EUR
4500000050,000010,20260913,MAT000048,C00010,3000,37,KG,5567.02,CHF
4500000050,000020,20260515,MAT000012,C00002,1000,12,PC,485.40,CHF
4500000051,000010,20260110,MAT000004,C00028,1000,35,M,2368.80,CHF
4500000051,000020,20260603,MAT000035,C00006,2000,20,KG,6325.60,CHF
4500000052,000010,20260321,MAT000007,C00007,3000,21,PC,807.66,CHF
4500000052,000020,20260916,MAT000028,C00022,2000,16,KG,4581.12,USD
4500000053,000010,20260311,MAT000023,C00032,2000,22,M,7125.14,CHF
4500000053,000020,20260120,MAT000052,C00027,3000,47,M,8000000.00,USD
4500000054,000010,20260227,MAT000055,C00030,3000,1,M,323.33,CHF
4500000054,000020,20261108,MAT000002,C00027,2000,34,KG,5032.34,EUR
4500000055,000010,20260721,MAT000016,C00011,2000,48,KG,3316.32,EUR
4500000055,000020,20260109,MAT000025,C00031,2000,28,M,5991.44,CHF
4500000056,000010,20260325,MAT000008,C00004,2000,20,M,5219.00,EUR
4500000056,000020,20260602,MAT000038,C00007,1000,31,KG,11289.27,EUR
4500000057,000010,20260820,MAT000023,C00039,3000,14,M,3323.60,EUR
4500000057,000020,20260313,MAT000029,C00020,3000,12,KG,4300.08,CHF
4500000058,000010,20260809,MAT000053,C00026,2000,36,PC,6998.40,CHF
4500000058,000020,20260416,MAT000036,C00026,1000,50,M,19151.00,EUR
4500000059,000010,20260926,MAT000009,C00018,1000,25,KG,9763.25,CHF
4500000059,000020,20260828,MAT000060,C00024,2000,16,KG,5718.72,EUR
4500000060,000010,20260706,MAT000046,C00011,2000,27,KG,6598.80,EUR
4500000060,000020,20260524,MAT000017,,3000,34,M,1930.86,EUR
4500000061,000010,20260401,MAT000010,C00010,1000,37,M,11444.10,EUR
4500000061,000020,20260217,MAT000023,C00031,3000,18,M,4461.66,USD
4500000062,000010,20260928,MAT000006,C00020,1000,48,KG,11362.56,EUR
4500000062,000020,20260803,MAT000027,C00014,1000,13,M,4772.56,CHF
4500000063,000010,20260527,MAT000027,C00021,2000,34,M,6806.80,USD
4500000063,000020,20260215,MAT000005,C00024,1000,36,PC,4527.00,CHF
4500000064,000010,20260822,MAT000009,,3000,7,KG,1881.11,USD
4500000064,000020,20260416,MAT000001,C00019,3000,25,M,7153.50,EUR
4500000065,000010,20260428,MAT000030,C00040,1000,50,PC,457.00,USD
4500000065,000020,20260524,MAT000041,C00022,2000,25,PC,9382.25,CHF
4500000066,000010,20260707,MAT000043,C00008,2000,6,PC,637.80,USD
4500000066,000020,20260621,MAT000018,C00029,2000,37,M,7051.46,EUR
4500000067,000010,20260305,MAT000007,C00012,1000,10,PC,2505.80,USD
4500000067,000020,20260203,MAT000003,C00015,1000,30,PC,7173.90,EUR
4500000068,000010,20260603,MAT000008,C00028,3000,28,M,4639.60,EUR
4500000068,000020,20260727,MAT000042,C00031,2000,14,PC,4310.74,USD
4500000069,000010,20260620,MAT900010,C00016,3000,1,PC,292.14,CHF
4500000069,000020,20260607,MAT000034,C00020,3000,2,KG,215.96,USD
4500000070,000010,20260617,MAT000007,C00019,1000,36,PC,5549.76,CHF
4500000070,000020,20260518,MAT000046,C00036,1000,11,KG,1158.08,USD
4500000071,000010,20260419,MAT000040,C00034,3000,33,PC,6857.73,CHF
4500000071,000020,20260401,MAT000054,C00006,1000,13,PC,2978.43,EUR
4500000072,000010,20260611,MAT000031,C00006,2000,37,M,6286.67,USD
4500000072,000020,20260324,MAT000030,C00016,3000,8,PC,1469.20,CHF
4500000073,000010,20260309,MAT000035,C00022,3000,36,KG,1084.32,EUR
4500000073,000020,20260412,MAT000008,C00037,2000,1,M,118.99,EUR
4500000074,000010,20260803,MAT000012,C00003,2000,39,PC,8634.60,EUR
4500000074,000020,20260725,MAT000051,C00040,3000,43,PC,2563.23,CHF
4500000075,000010,20260707,MAT000052,C00030,1000,49,M,561.54,EUR
4500000075,000020,20260313,MAT000034,C00022,3000,25,KG,1293.00,EUR
4500000076,000010,20260111,MAT000017,C00003,3000,16,M,3669.92,CHF
4500000076,000020,20260216,MAT900007,C00031,2000,10,PC,1642.60,USD
4500000077,000010,20260719,MAT000058,C00019,2000,40,KG,14626.40,USD
4500000077,000020,20260214,MAT000054,C00037,1000,45,PC,7495.20,CHF
4500000078,000010,20260114,MAT000022,C00021,1000,34,KG,7162.78,USD
4500000078,000020,20260724,MAT000047,C00039,2000,40,M,14422.00,USD
4500000079,000010,20260208,MAT000057,C00029,1000,38,PC,13354.72,CHF
4500000079,000020,20260216,MAT000056,C00034,1000,26,PC,10118.16,CHF
4500000080,000010,20260208,MAT000020,C00024,3000,43,M,6932.89,USD
4500000080,000020,20260724,MAT000037,C00037,1000,11,M,1018.60,EUR
4500000081,000010,20260904,MAT000007,C00037,2000,34,PC,10811.32,EUR
4500000081,000020,20260601,MAT900009,C00012,1000,16,KG,4682.08,USD
4500000082,000010,20260313,MAT000058,C00023,3000,29,KG,7000000.00,CHF
4500000082,000020,20260615,MAT000015,C00020,2000,3,KG,377.88,USD
4500000083,000010,20260416,MAT000010,C00013,2000,50,M,19551.50,usd
4500000083,000020,20260627,MAT000058,C00031,1000,4,KG,328.88,EUR
4500000084,000010,20260907,MAT000041,C00016,1000,45,PC,17918.10,EUR
4500000084,000020,20260627,MAT000042,C00018,2000,7,PC,881.30,CHF
4500000085,000010,20260825,MAT000057,,1000,9,PC,1235.70,EUR
4500000085,000020,20260423,MAT000015,C00018,1000,20,KG,1053.20,CHF
4500000086,000010,20260526,MAT000016,C00024,3000,33,KG,8827.83,CHF
4500000086,000020,20260508,MAT000057,C00012,3000,8,PC,1904.08,EUR
4500000087,000010,20260803,MAT000018,C00005,2000,9,M,2319.93,CHF
4500000087,000020,20260501,MAT000005,C00035,2000,-34,PC,12356.28,USD
4500000088,000010,20260410,MAT000052,C00016,1000,37,M,1458.91,USD
4500000088,000020,20260326,MAT000047,C00003,3000,36,M,590.04,USD
4500000089,000010,20260801,MAT000059,C00004,1000,49,M,11565.47,EUR
4500000089,000020,20260612,MAT000036,C00031,1000,50,M,12988.00,CHF
4500000090,000010,20260921,MAT000019,C00035,1000,33,KG,10945.77,CHF
4500000090,000020,20260720,MAT000050,C00016,3000,50,KG,3512.00,USD
4500000091,000010,20260423,MAT000036,C00017,2000,50,M,5309.50,CHF
4500000091,000020,20260109,MAT000015,C00013,3000,38,KG,9245.40,CHF
4500000092,000010,20260606,MAT000004,C00010,3000,37,M,6738.07,EUR
4500000092,000020,20260817,MAT000039,C00017,1000,32,KG,10350.08,EUR
4500000093,000010,20260418,MAT000008,C00040,1000,12,M,2756.52,EUR
4500000093,000020,20260911,MAT000020,C00017,3000,28,M,608.16,USD
4500000094,000010,20260706,MAT000006,C00017,1000,42,KG,13823.04,EUR
4500000094,000020,20260820,MAT000032,C00004,2000,45,PC,11938.95,USD
4500000095,000010,20260123,MAT000030,C00009,2000,24,PC,6743.28,CHF
4500000095,000020,20260117,MAT000009,C00001,1000,10,KG,2991.20,USD
4500000096,000010,20260913,MAT000057,C00020,2000,34,PC,2070.94,USD
4500000096,000020,20260422,MAT000060,C00019,2000,5,KG,1944.00,EUR
4500000097,000010,20260403,MAT000036,C00024,2000,16,M,2723.84,USD
4500000097,000020,20260706,MAT000060,C00038,3000,40,KG,3649.60,EU
4500000098,000010,20260328,MAT000048,C00030,2000,22,KG,5040.64,EUR
4500000098,000020,20260707,MAT000025,C00023,1000,25,M,7840.75,EUR
4500000099,000010,20260416,MAT000051,C00026,1000,36,PC,11615.04,CHF
4500000099,000020,20260815,MAT000030,C00012,2000,49,PC,6216.63,EUR
4500000100,000010,20260502,MAT000035,C00024,2000,25,KG,4264.50,CHF
4500000100,000020,20260909,MAT000002,C00026,3000,34,KG,2614.94,CHF
4500000101,000010,20260112,MAT000046,C00010,3000,14,KG,1555.54,USD
4500000101,000020,20260227,MAT000009,C00002,2000,-50,KG,5007.50,USD
4500000102,000010,20260613,MAT000029,C00017,3000,6,KG,2055.30,CHF
4500000102,000020,20260808,MAT000004,C00003,1000,20,M,3212.40,EUR
4500000103,000010,20260507,MAT000033,C00027,2000,39,PC,2161.38,USD
4500000103,000020,20260923,MAT000035,C00017,2000,45,KG,2642.40,CHF
4500000104,000010,20260507,MAT000029,C00035,3000,43,KG,6618.13,USD
4500000104,000020,20260628,MAT000026,C00015,1000,9,PC,1419.03,USD
4500000105,000010,20260105,MAT000024,C00002,3000,23,KG,5668.81,XXX
4500000105,000020,20260525,MAT000031,C00005,1000,37,M,351.13,CHF
4500000106,000010,20260625,MAT000045,C00016,3000,23,PC,6170.90,USD
4500000106,000020,20260116,MAT000006,C00032,2000,28,KG,1464.96,USD
4500000107,000010,20260308,MAT000019,C00026,1000,32,KG,9050.24,USD
4500000107,000020,20260423,MAT000050,C00034,1000,11,KG,1578.83,CHF
4500000108,000010,20260516,MAT000022,C00036,2000,28,KG,9034.48,CHF
4500000108,000020,20260604,MAT000059,C00005,2000,2,M,723.00,USD
4500000109,000010,20260519,MAT000004,C00031,3000,25,M,5018.50,USD
4500000109,000020,20260602,MAT000057,C00021,2000,17,PC,570.35,CHF
4500000110,000010,20260806,MAT000020,C00025,3000,17,M,5558.83,USD
4500000110,000020,20260423,MAT000058,C00005,3000,24,KG,414.24,EUR
4500000111,000010,20260214,MAT000040,C00018,1000,35,PC,5856.55,USD
4500000111,000020,20260113,MAT000057,C00009,3000,29,PC,4519.36,CHF
4500000112,000010,20260116,MAT000018,C00010,3000,20,M,4010.80,EUR
4500000112,000020,20260408,MAT000018,C00034,1000,15,M,1604.55,CHF
4500000113,000010,20260916,MAT000026,C00006,3000,1,PC,99.54,CHF
4500000113,000020,20260511,MAT000057,C00023,1000,45,PC,17446.05,EUR
4500000114,000010,20260313,MAT000021,C00013,1000,46,KG,4008.90,EUR
4500000114,000020,20260526,MAT000022,C00024,2000,40,KG,11090.40,USD
4500000115,000010,20260416,MAT000024,C00016,2000,48,KG,12905.76,USD
4500000115,000020,20260324,MAT000046,C00005,1000,12,KG,4408.68,EUR
4500000116,000010,20260828,MAT000057,,3000,46,PC,5865.92,USD
4500000116,000020,20260814,MAT000003,C00004,2000,11,PC,2755.72,USD
4500000117,000010,20260723,MAT000026,C00017,3000,33,PC,9803.97,CHF
4500000117,000020,20260311,MAT000017,C00022,1000,24,M,8000000.00,CHF
4500000118,000010,20260314,MAT000054,C00040,3000,9,PC,2062.35,USD
4500000118,000020,20260513,MAT000052,C00015,3000,11,M,599.06,EUR
4500000119,000010,20260326,MAT000001,C00018,3000,31,M,7324.68,USD
4500000119,000020,20260713,MAT000027,C00009,1000,17,M,4325.31,EUR
4500000120,000010,20260507,MAT000046,C00023,3000,8,KG,2791.76,CHF
4500000120,000020,20260901,MAT000052,C00031,1000,8,M,1318.48,USD
4500000121,000010,20260528,MAT000005,C00015,2000,20,PC,3566.40,CHF
4500000121,000020,20260719,MAT000040,C00014,3000,27,PC,8297.64,USD
4500000122,000010,20260227,MAT000052,C00036,2000,10,M,1796.90,USD
4500000122,000020,20260501,MAT000028,C00037,3000,8,KG,519.84,EUR
4500000123,000010,20260411,MAT000018,C00006,2000,41,M,6685.46,EUR
4500000123,000020,20260302,MAT000024,C00005,1000,36,KG,3871.44,USD
4500000124,000010,20260811,MAT000043,C00009,1000,6,PC,39.54,USD
4500000124,000020,20260926,MAT000031,C00026,3000,3,M,506.28,EUR
4500000125,000010,20260527,MAT000014,C00018,1000,36,M,8949.60,USD
4500000125,000020,20260115,MAT000056,C00012,1000,16,PC,6364.00,EUR
4500000126,000010,20260609,MAT000035,C00002,3000,8,KG,2172.48,USD
4500000126,000020,20260207,MAT000005,C00024,1000,33,PC,6237.33,CHF
4500000127,000010,20260824,MAT000017,C00026,2000,16,M,5087.20,CHF
4500000127,000020,20260225,MAT000053,C00031,2000,43,PC,13254.32,CHF
4500000128,000010,20260120,MAT000027,C00001,3000,17,M,6121.87,EUR
4500000128,000020,20260912,MAT000015,C00018,2000,21,KG,3326.82,CHF
4500000129,000010,20260209,MAT000041,C00021,3000,29,PC,4200.65,EUR
4500000129,000020,20260406,MAT000017,C00004,3000,22,M,1966.36,EUR
4500000130,000010,20260606,MAT000035,C00007,1000,20,KG,5473.80,EUR
4500000130,000020,20260101,MAT000024,C00026,3000,23,KG,1771.69,EUR
4500000131,000010,20260418,MAT000026,C00002,1000,7,PC,923.93,USD
4500000131,000020,20260619,MAT000005,C00028,2000,49,PC,11646.32,EUR
4500000132,000010,20260506,MAT000032,C00005,3000,27,PC,8458.02,USD
4500000132,000020,20260625,MAT000059,C00034,1000,21,M,7416.78,EUR
4500000133,000010,20260121,MAT000047,C00014,3000,41,M,10934.29,CHF
4500000133,000020,20260721,MAT000023,C00033,3000,29,M,9954.54,EUR
4500000134,000010,20260715,MAT000008,C00030,2000,48,M,13319.52,USD
4500000134,000020,20260118,MAT000033,C00033,1000,15,PC,2299.65,CHF
4500000135,000010,20260119,MAT000041,C00039,1000,29,PC,5263.21,USD
4500000135,000020,20260609,MAT000010,C00013,3000,35,M,6654.55,USD
4500000136,000010,20260805,MAT000036,C00008,1000,26,M,668.72,EUR
4500000136,000020,20260205,MAT000054,C00007,3000,42,PC,13314.84,USD
4500000137,000010,20260602,MAT000017,C00017,3000,5,M,390.20,USD
4500000137,000020,20260728,MAT000030,C00013,2000,14,PC,3035.90,USD
4500000138,000010,20260818,MAT000042,C00032,1000,16,PC,544.80,EUR
4500000138,000020,20260925,MAT000052,C00005,1000,32,M,10967.68,USD
4500000139,000010,20260412,MAT000012,C00019,1000,7,PC,957.81,USD
4500000139,000020,20260828,MAT000012,C00032,1000,40,PC,6340.40,EUR
4500000140,000010,20260411,MAT000042,C00036,3000,14,PC,3013.36,USD
4500000140,000020,20260623,MAT000025,C00018,3000,1,M,327.53,CHF
4500000141,000010,20260325,MAT000014,C00011,3000,45,M,3950.55,CHF
4500000141,000020,20260504,MAT000030,C00023,3000,3,PC,168.00,CHF
4500000142,000010,20260403,MAT000023,C00024,2000,20,M,1649.60,USD
4500000142,000020,20260709,MAT000013,C00024,3000,10,PC,332.20,USD
4500000143,000010,20261209,MAT000018,C00023,3000,30,M,1735.20,CHF
4500000143,000020,20260504,MAT000027,C00008,2000,16,M,3192.96,EUR
4500000144,000010,20260716,MAT000044,C00013,3000,42,KG,7757.40,USD
4500000144,000020,20260603,MAT000039,C00027,2000,15,KG,2731.80,USD
4500000145,000010,20260509,MAT000038,C00001,3000,29,KG,7688.19,CHF
4500000145,000020,20260505,MAT000016,C00025,2000,1,KG,167.55,USD
4500000146,000010,20260228,MAT000022,C00035,3000,7,KG,2303.70,EUR
4500000146,000020,20260112,MAT000030,C00024,1000,14,PC,558.74,XXX
4500000147,000010,20260127,MAT000038,C00010,2000,43,KG,12058.92,EUR
4500000147,000020,20260811,MAT000024,C00039,1000,11,KG,2074.71,EUR
4500000148,000010,20260908,MAT000002,C00008,1000,26,KG,4580.68,EUR
4500000148,000020,20260421,MAT000030,C00034,3000,42,PC,6867.42,EUR
4500000149,000010,20260717,MAT000032,C00007,3000,24,PC,7991.76,EUR
4500000149,000020,20260523,MAT000001,C00031,1000,11,M,4218.94,USD
4500000150,000010,20260628,MAT000030,C00002,1000,10,PC,112.40,USD
4500000150,000020,20260204,MAT000027,C00020,3000,35,M,7932.05,CHF
4500000151,000010,20260205,MAT000008,C00033,3000,5,M,1146.55,USD
4500000151,000020,20260708,MAT000019,C00030,1000,23,KG,7178.30,EUR
4500000152,000010,20260804,MAT000038,C00009,1000,29,KG,2094.67,CHF
4500000152,000020,20260317,MAT000010,C00027,3000,10,M,3882.80,CHF
4500000153,000010,20260114,MAT000056,C00015,1000,46,PC,17741.74,EUR
4500000153,000020,20260506,MAT000048,C00034,3000,-48,KG,13751.04,EUR
4500000154,000010,20260118,MAT000026,C00025,2000,8,PC,1599.28,USD
4500000154,000020,20260704,MAT000006,C00022,2000,14,KG,1512.42,EUR
4500000155,000010,20260919,MAT000042,C00007,2000,36,PC,13638.60,CHF
4500000155,000020,20260409,MAT000020,C00024,1000,18,M,5346.54,USD
4500000156,000010,20260721,MAT000051,C00022,2000,31,PC,4865.14,EUR
4500000156,000020,20260302,MAT000004,C00034,2000,20,M,6701.60,CHF
4500000157,000010,20260222,MAT000021,C00024,1000,26,KG,8537.62,USD
4500000157,000020,20260917,MAT000024,C00032,3000,31,KG,11799.84,EUR
4500000158,000010,20260104,MAT000024,C00038,2000,27,KG,6462.45,EUR
4500000158,000020,20260527,MAT000024,C00014,3000,39,KG,10882.95,CHF
4500000159,000010,20260904,MAT000004,C00023,1000,21,M,1628.76,EUR
4500000159,000020,20260726,MAT000014,,2000,17,M,4043.28,EUR
4500000160,000010,20260703,MAT000019,C00015,2000,37,KG,10121.72,USD
4500000160,000020,20260505,MAT000003,C00019,1000,21,PC,1344.00,USD
4500000161,000010,20260318,MAT000004,C00022,3000,26,M,6545.76,CHF
4500000161,000020,20260425,MAT000002,C00038,3000,40,KG,14962.40,EUR
4500000162,000010,20260211,MAT000053,C00012,1000,48,PC,9324.96,USD
4500000162,000020,20260825,MAT000044,C00028,1000,49,KG,2955.19,USD
4500000163,000010,20260227,MAT000021,C00023,3000,48,KG,14037.12,CHF
4500000163,000020,20260513,MAT000046,C00036,1000,8,KG,2261.44,EUR
4500000164,000010,20260205,MAT000007,C00010,2000,27,PC,3592.08,USD
4500000164,000020,20260413,MAT000027,C00032,2000,3,M,1077.48,USD
4500000165,000010,20260216,MAT000045,C00036,3000,25,PC,5176.25,EUR
4500000165,000020,20260601,MAT000050,C00011,3000,38,KG,5054.38,USD
4500000166,000010,20260722,MAT000025,C00029,3000,38,M,12242.46,CHF
4500000166,000020,20260319,MAT000054,C00031,3000,30,PC,4395.30,USD
4500000167,000010,20260508,MAT000021,C00023,3000,6,KG,1682.88,USD
4500000167,000020,20260503,MAT000037,C00025,1000,3,M,319.62,CHF
4500000168,000010,20260903,MAT000014,C00012,2000,28,M,10183.32,CHF
4500000168,000020,20260308,MAT000030,C00040,1000,25,PC,4932.25,CHF
4500000169,000010,20260602,MAT000020,C00037,1000,33,M,11211.42,CHF
4500000169,000020,20260615,MAT000032,C00020,1000,22,PC,4364.36,EUR
4500000170,000010,20260907,MAT000051,C00040,2000,10,PC,913.00,EUR
4500000170,000020,20260606,MAT000011,C00021,2000,49,M,3924.41,EUR
4500000171,000010,20260520,MAT000051,C00008,1000,46,PC,14891.58,USD
4500000171,000020,20260509,MAT000002,C00019,2000,12,KG,2606.40,CHF
4500000172,000010,20260109,MAT000009,C00019,2000,17,KG,3340.84,CHF
4500000172,000020,20260928,MAT000010,,3000,25,M,1706.00,EUR
4500000173,000010,20260525,MAT000035,C00020,1000,47,KG,3256.63,USD
4500000173,000020,20260926,MAT000060,C00015,2000,50,KG,7413.00,USD
4500000174,000010,20260907,MAT000044,C00018,3000,24,KG,3396.72,CHF
4500000174,000020,20260218,MAT000023,C00037,3000,15,M,521.55,CHF
4500000175,000010,20260204,MAT000005,C00013,2000,20,PC,7223.60,USD
4500000175,000020,20260222,MAT000023,C00010,1000,10,M,292.70,USD
4500000176,000010,20260922,MAT000037,C00035,1000,10,M,3932.10,USD
4500000176,000020,20260617,MAT000034,C00040,2000,44,KG,3428.04,EUR
4500000177,000010,20260805,MAT000057,C00013,1000,46,PC,2078.74,CHF
4500000177,000020,20260218,MAT000032,C00009,2000,2,PC,450.48,USD
4500000178,000010,20260905,MAT000022,C00010,2000,15,KG,4234.80,EUR
4500000178,000020,20260622,MAT000039,C00011,1000,32,KG,10214.40,CHF
4500000179,000010,20260510,MAT000011,C00002,2000,3,M,144.36,EUR
4500000179,000020,20260217,MAT000010,C00001,2000,12,M,3323.40,EUR
4500000180,000010,20260427,MAT000051,C00027,2000,14,PC,5463.92,USD
4500000180,000020,20260425,MAT000015,C00017,1000,23,KG,3676.09,CHF
4500000181,000010,20260617,MAT000024,C00030,3000,34,KG,9878.36,EUR
4500000181,000020,20260405,MAT000060,C00017,2000,27,KG,2008.80,USD
4500000182,000010,20260522,MAT000015,C00039,3000,22,KG,1716.22,CHF
4500000182,000020,20260506,MAT000017,C00015,1000,37,M,13002.54,USD
4500000183,000010,20260107,MAT000033,C00016,3000,22,PC,6535.10,EUR
4500000183,000020,20260808,MAT000006,C00014,1000,44,KG,13489.08,USD
4500000184,000010,20260212,MAT000036,C00005,2000,9,M,1362.96,EUR
4500000184,000020,20260411,MAT000027,C00025,2000,43,M,13502.43,CHF
4500000185,000010,20260127,MAT000038,C00004,2000,48,KG,1532.64,EUR
4500000185,000020,20260306,MAT000025,C00005,1000,5,M,864.10,EUR
4500000186,000010,20260611,MAT000057,C00009,1000,32,PC,12300.48,EUR
4500000186,000020,20260402,MAT000052,C00016,1000,46,kg,6034.74,CHF
4500000187,000010,20261015,MAT000044,C00024,2000,16,KG,5657.60,CHF
4500000187,000020,20261007,MAT000008,C00012,3000,18,M,1131.12,USD
4500000188,000010,20260311,MAT000044,C00038,1000,4,KG,214.56,USD
4500000188,000020,20260819,MAT000034,,2000,34,KG,7426.62,EUR
4500000189,000010,20260503,MAT000006,C00033,1000,42,KG,3908.52,EUR
4500000189,000020,20260810,MAT000022,C00039,2000,41,KG,9410.73,USD
4500000190,000010,20260307,MAT000039,C00031,3000,32,KG,6038.08,EUR
4500000190,000020,20260118,MAT000029,C00019,1000,49,KG,11556.16,EUR
4500000191,000010,20260107,MAT000012,C00002,1000,26,PC,7692.62,USD
4500000191,000020,20260803,MAT000052,C00002,1000,32,M,7898.24,USD
4500000192,000010,20260602,MAT000001,C00017,3000,11,M,1377.20,CHF
4500000192,000020,20260620,MAT000024,C00011,2000,45,KG,8631.45,EUR
4500000193,000010,20260714,MAT000057,C00035,3000,38,PC,8910.24,USD
4500000193,000020,20260416,MAT000017,C00040,3000,22,M,8360.22,EUR
4500000194,000010,20260310,MAT000030,C00021,1000,33,PC,7483.08,CHF
4500000194,000020,20260511,MAT000038,C00007,3000,26,KG,1748.76,CHF
4500000195,000010,20260804,MAT000001,C00033,3000,23,M,4470.97,USD
4500000195,000020,20260513,MAT000044,,3000,1,KG,266.79,CHF
4500000196,000010,20260811,MAT000037,C00031,1000,30,M,817.80,CHF
4500000196,000020,20260115,MAT000010,C00006,2000,2,M,231.30,EUR
4500000197,000010,20260126,MAT000016,C00017,1000,38,KG,12634.24,CHF
4500000197,000020,20260118,MAT000033,C00005,2000,7,PC,1213.45,USD
4500000198,000010,20260922,MAT000010,C00033,2000,19,M,2466.77,EUR
4500000198,000020,20260515,MAT000042,C00009,3000,14,PC,3883.46,EUR
4500000199,000010,20260526,MAT000052,C00012,1000,-47,M,13446.70,USD
4500000199,000020,20260126,MAT000020,C00033,3000,46,M,4664.86,USD
4500000200,000010,20260213,MAT000031,C00011,1000,42,M,10338.30,USD
4500000200,000020,20260506,MAT000019,C00040,3000,25,KG,3192.50,EUR
4500000201,000010,20260714,MAT000048,C00026,1000,47,KG,12657.10,CHF
4500000201,000020,20260416,MAT000017,C00025,3000,32,M,8238.40,USD
4500000202,000010,20260416,MAT000003,C00015,3000,2,PC,708.04,CHF
4500000202,000020,20260717,MAT000050,C00021,2000,8,KG,2234.48,USD
4500000203,000010,20260209,MAT000045,C00022,2000,12,PC,187.56,EUR
4500000203,000020,20260519,MAT900006,C00030,1000,2,M,239.52,USD
4500000204,000010,20260216,MAT000007,C00003,1000,18,PC,1636.38,CHF
4500000204,000020,20260924,MAT000035,C00016,2000,4,KG,767.40,EUR
4500000205,000010,20260614,MAT000060,C00026,1000,38,KG,5657.44,USD
4500000205,000020,20260928,MAT000004,C00027,1000,23,M,2800.48,USD
4500000206,000010,20260203,MAT000059,C00028,2000,16,M,5070.56,USD
4500000206,000020,20260918,MAT000044,C00017,3000,27,KG,8266.32,CHF
4500000207,000010,20260307,MAT000027,C00004,3000,1,M,213.45,EUR
4500000207,000020,20260626,MAT000012,C00018,3000,36,PC,13958.64,EUR
4500000208,000010,20260214,MAT000046,C00031,1000,4,KG,741.48,USD
4500000208,000020,20260501,MAT000057,C00030,3000,4,PC,889.60,CHF
4500000209,000010,20260416,MAT000029,C00026,3000,9,KG,3583.17,EUR
4500000209,000020,20260303,MAT000044,,1000,40,KG,6660.00,CHF
4500000210,000010,20260703,MAT000031,C00030,3000,26,M,302.90,EUR
4500000210,000020,20260616,MAT000014,C00008,2000,16,M,5465.28,USD
4500000211,000010,20260924,MAT000002,C00037,2000,15,KG,5024.10,CHF
4500000211,000020,20260226,MAT000026,C00018,2000,13,PC,1386.84,EUR
4500000212,000010,20260715,MAT000024,C00021,1000,43,KG,7635.08,CHF
4500000212,000020,20260220,MAT000002,C00030,3000,27,KG,9440.82,USD
4500000213,000010,20260913,MAT000041,C00026,3000,36,PC,6645.24,EUR
4500000213,000020,20260824,MAT000048,C00028,1000,15,KG,1830.30,CHF
4500000214,000010,20260903,MAT000020,C00038,3000,15,M,3634.35,USD
4500000214,000020,20260727,MAT000037,C00023,2000,46,M,7340.68,USD
4500000215,000010,20260728,MAT000006,C00020,1000,40,KG,6200.40,CHF
4500000215,000020,20260119,MAT000059,C00014,3000,28,M,801.08,USD
4500000216,000010,20260623,MAT000005,C00024,3000,38,PC,14865.22,USD
4500000216,000020,20260718,MAT000017,C00035,1000,17,M,4820.52,EUR
4500000217,000010,20260911,MAT000009,C00002,2000,49,KG,15354.64,CHF
4500000217,000020,20260311,MAT000022,C00032,3000,-34,KG,12971.68,USD
4500000218,000010,20260104,MAT000019,C00030,2000,27,KG,7344.54,CHF
4500000218,000020,20260610,MAT000036,C00028,1000,29,M,6667.97,EUR
4500000219,000010,20260606,MAT000001,C00014,2000,20,M,4412.80,CHF
4500000219,000020,20260918,MAT000018,C00002,3000,10,M,1465.80,USD
4500000220,000010,20260526,MAT000026,C00040,1000,43,PC,7086.83,EUR
4500000220,000020,20260103,MAT000012,C00013,2000,2,PC,103.00,EUR
4500000221,000010,20260501,MAT000032,C00022,1000,4,PC,1118.72,CHF
4500000221,000020,20260411,MAT000046,C00031,3000,24,KG,6749.28,USD
4500000222,000010,20260526,MAT000002,C00039,3000,29,KG,10654.02,USD
4500000222,000020,20260620,MAT000015,C00010,3000,36,KG,3347.28,USD
4500000223,000010,20260306,MAT000051,C00038,3000,29,PC,10302.25,EUR
4500000223,000020,20260412,MAT900008,C00021,1000,23,M,5607.86,USD
4500000224,000010,20260123,MAT000024,C00005,3000,4,KG,381.44,CHF
4500000224,000020,20260602,MAT000038,C00032,3000,2,KG,85.22,CHF
4500000225,000010,20260704,MAT000056,C00002,3000,25,PC,743.75,CHF
4500000225,000020,20260322,MAT000012,C00021,1000,36,PC,4057.20,USD
4500000226,000010,20260601,MAT000050,C00016,2000,19,KG,1753.89,EUR
4500000226,000020,20260101,MAT000016,C00024,2000,19,KG,2344.41,USD
4500000227,000010,20260304,MAT000038,C00007,2000,12,KG,1333.44,CHF
4500000227,000020,20260825,MAT000033,C00033,1000,13,PC,1666.60,USD
4500000228,000010,20260809,MAT000053,C00029,3000,25,PC,3702.25,CHF
4500000228,000020,20260510,MAT000035,C00026,1000,15,KG,1763.70,CHF
4500000229,000010,20260910,MAT900004,C00013,2000,3,PC,750.12,CHF
4500000229,000020,20260824,MAT000044,C00006,2000,30,KG,8346.60,CHF
4500000230,000010,20260421,MAT000036,C00005,1000,15,M,5291.55,EUR
4500000230,000020,20260917,MAT000035,C00020,1000,22,KG,4833.18,USD
4500000231,000010,20260903,MAT000034,C00008,1000,23,KG,9112.37,EUR
4500000231,000020,20260225,MAT000052,C00029,3000,25,M,7184.25,USD
4500000232,000010,20260302,MAT000038,C00005,2000,49,KG,10825.08,CHF
4500000232,000020,20260807,MAT000058,C00035,2000,16,KG,4340.80,CHF
4500000233,000010,20260401,MAT000059,C00014,3000,41,M,10158.98,EUR
4500000233,000020,20260906,MAT900011,C00034,1000,49,KG,6266.61,CHF
4500000234,000010,20260426,MAT000012,C00011,1000,17,PC,1349.12,USD
4500000234,000020,20260405,MAT000003,C00002,3000,47,PC,15047.52,EUR
4500000235,000010,20260511,MAT000057,C00012,2000,31,PC,8052.56,CHF
4500000235,000020,20260122,MAT000008,C00037,2000,40,M,306.00,USD
4500000236,000010,20260323,MAT000057,C00027,2000,43,PC,4500.38,CHF
4500000236,000020,20260409,MAT000003,C00006,1000,16,PC,3814.40,USD
4500000237,000010,20260210,MAT000012,C00025,3000,45,PC,4441.05,USD
4500000237,000020,20261112,MAT000032,C00008,3000,1,PC,28.26,USD
4500000238,000010,20260620,MAT000004,C00036,2000,8,M,128.24,USD
4500000238,000020,20260320,MAT000010,C00014,3000,38,M,9846.56,EUR
4500000239,000010,20260419,MAT000032,C00029,1000,43,PC,13222.50,USD
4500000239,000020,20260128,MAT000047,C00009,1000,3,M,107.58,USD
4500000240,000010,20260720,MAT000030,C00011,2000,15,PC,5075.70,CHF
4500000240,000020,20260303,MAT000057,C00018,1000,4,PC,574.16,CHF
4500000241,000010,20260721,MAT000003,C00010,1000,2,PC,200.80,CHF
4500000241,000020,20260120,MAT000003,C00038,1000,9,PC,3053.88,EUR
4500000242,000010,20260704,MAT000019,C00013,1000,12,KG,965.40,CHF
4500000242,000020,20260927,MAT000034,C00025,2000,11,KG,361.90,EUR
4500000243,000010,20260704,MAT000025,C00001,2000,37,M,11103.33,USD
4500000243,000020,20260626,MAT000003,C00001,2000,40,PC,644.00,CHF
4500000244,000010,20260310,MAT000055,C00011,2000,26,M,3105.18,CHF
4500000244,000020,20260104,MAT000057,C00017,2000,24,PC,8884.80,USD
4500000245,000010,20260226,MAT000019,C00012,3000,16,KG,4821.44,USD
4500000245,000020,20260904,MAT000056,C00008,3000,22,PC,6762.36,USD
4500000246,000010,20260520,MAT000056,C00015,2000,44,PC,6513.32,CHF
4500000246,000020,20260813,MAT000018,C00037,1000,37,M,2285.49,EUR
4500000247,000010,20260514,MAT000050,C00014,2000,50,KG,13196.00,CHF
4500000247,000020,20260122,MAT000025,C00017,1000,13,kg,1440.79,USD
4500000248,000010,20260518,MAT000033,C00013,2000,45,PC,10989.45,CHF
4500000248,000020,20260104,MAT000039,C00001,3000,22,KG,6484.28,USD
4500000249,000010,20260117,MAT000042,C00005,2000,18,PC,3425.40,CHF
4500000249,000020,20260806,MAT900003,C00031,3000,15,M,4822.80,USD
4500000250,000010,20260608,MAT000018,C00030,3000,21,M,4765.95,CHF
4500000250,000020,20260421,MAT000040,C00009,3000,10,??,3663.70,CHF
4500000251,000010,20260314,MAT000011,C00035,3000,44,M,833.80,EUR
4500000251,000020,20260121,MAT000037,C00024,1000,44,M,11943.36,EUR
4500000252,000010,20260509,MAT000009,C00036,2000,30,KG,8165.40,USD
4500000252,000020,20260801,MAT000008,C00015,1000,4,M,1033.72,EUR
4500000253,000010,20260906,MAT000038,C00023,1000,11,KG,3760.13,EUR
4500000253,000020,20260212,MAT000039,C00024,3000,45,KG,14874.75,CHF
4500000254,000010,20260418,MAT000047,C00004,3000,24,M,8500.32,CHF
4500000254,000020,20260710,MAT000021,C00030,1000,19,KG,3427.60,EUR
4500000255,000010,20260916,MAT000029,C00011,3000,31,KG,10589.60,USD
4500000255,000020,20260620,MAT000004,C00007,3000,35,M,1993.60,USD
4500000256,000010,20260514,MAT000005,C00026,3000,30,PC,7360.50,USD
4500000256,000020,20260628,MAT000060,C00006,1000,26,KG,7136.22,EUR
4500000257,000010,20260322,MAT000045,C00029,1000,26,PC,5608.46,CHF
4500000257,000020,20260325,MAT000028,C00029,3000,7,KG,1699.74,USD
4500000258,000010,20260107,MAT000020,C00001,1000,24,M,3758.64,USD
4500000258,000020,20260204,MAT000010,C00037,3000,9,M,622.08,EUR
4500000259,000010,20260120,MAT000014,C00019,1000,22,M,3984.86,USD
4500000259,000020,20260203,MAT000046,C00036,1000,10,KG,1727.90,CHF
4500000260,000010,20260426,MAT000022,C00003,3000,31,KG,5073.15,EUR
4500000260,000020,20260414,MAT000031,C00005,2000,32,M,3966.40,EUR
4500000261,000010,20260702,MAT000030,C00003,3000,40,PC,3054.00,EUR
4500000261,000020,20260518,MAT000009,C00016,1000,35,KG,7294.00,CHF
4500000262,000010,20260520,MAT000034,C00016,2000,21,KG,7360.71,CHF
4500000262,000020,20260808,MAT000027,C00005,1000,45,M,16879.05,CHF
4500000263,000010,20260727,MAT000007,C00032,3000,15,PC,1079.55,USD
4500000263,000020,20260406,MAT000024,C00039,3000,13,KG,1959.49,EUR
4500000264,000010,20260920,MAT000009,C00040,3000,-6,KG,1695.30,USD
4500000264,000020,20260712,MAT000027,C00024,1000,16,M,4177.60,CHF
4500000265,000010,20260518,MAT000017,C00010,2000,23,M,4345.16,USD
4500000265,000020,20260613,MAT000044,C00037,1000,42,KG,950.88,EUR
4500000266,000010,20260221,MAT000059,C00010,3000,20,M,4773.80,CHF
4500000266,000020,20260809,MAT000058,C00015,1000,41,KG,1564.56,EUR
4500000267,000010,20260507,MAT000023,C00028,2000,45,M,8640.00,USD
4500000267,000020,20260621,MAT000047,C00032,1000,31,M,524.52,EUR
4500000268,000010,20260926,MAT000008,C00001,1000,27,M,960.66,USD
4500000268,000020,20260111,MAT000030,,2000,39,PC,7710.30,USD
4500000269,000010,20260212,MAT000023,C00009,2000,17,M,6613.85,CHF
4500000269,000020,20260904,MAT000006,C00006,1000,12,KG,2701.20,USD
4500000270,000010,20260511,MAT000040,C00019,1000,11,PC,1354.98,USD
4500000270,000020,20260625,MAT000042,C00008,1000,3,PC,575.49,CHF
4500000271,000010,20260824,MAT000034,C00006,1000,27,KG,8729.37,CHF
4500000271,000020,20260525,MAT000004,C00008,2000,11,M,4236.21,EUR
4500000272,000010,20260609,MAT000030,C00007,2000,11,PC,2507.34,USD
4500000272,000020,20260403,MAT000001,C00005,2000,32,M,7082.88,USD
4500000273,000010,20260325,MAT000042,C00027,2000,50,PC,13427.50,CHF
4500000273,000020,20260502,MAT000042,C00004,3000,14,PC,2436.84,USD
4500000274,000010,20260907,MAT000007,C00035,3000,36,PC,2135.88,USD
4500000274,000020,20260313,MAT000001,C00031,3000,14,M,4689.72,USD
4500000275,000010,20261120,MAT000012,C00038,1000,45,PC,13663.35,CHF
4500000275,000020,20260208,MAT000008,C00001,2000,24,M,1679.76,EUR
4500000276,000010,20260910,MAT000059,C00023,2000,23,M,940.01,USD
4500000276,000020,20260826,MAT000002,C00033,3000,30,KG,9358.80,CHF
4500000277,000010,20260323,MAT000057,C00010,1000,21,PC,8165.01,CHF
4500000277,000020,20260902,MAT000025,C00006,2000,37,M,5435.67,CHF
4500000278,000010,20260411,MAT000015,C00024,1000,23,KG,389.39,USD
4500000278,000020,20260722,MAT000051,C00022,1000,9,PC,254.34,EUR
4500000279,000010,20260425,MAT000007,C00012,3000,22,PC,241.78,EUR
4500000279,000020,20260216,MAT000013,C00020,1000,13,PC,2008.11,USD
4500000280,000010,20260504,MAT000032,C00005,2000,23,PC,924.60,CHF
4500000280,000020,20260606,MAT000022,C00013,1000,34,KG,12767.34,EU
4500000281,000010,20260603,MAT000030,C00014,1000,20,PC,7240.00,USD
4500000281,000020,20260510,MAT000056,C00019,2000,33,PC,603.24,USD
4500000282,000010,20260214,MAT000005,C00027,1000,39,PC,13384.41,USD
4500000282,000020,20260808,MAT000047,C00005,1000,39,M,5439.72,USD
4500000283,000010,20260913,MAT000027,C00019,2000,18,M,3974.04,EUR
4500000283,000020,20260819,MAT000030,C00025,1000,44,PC,1008.92,USD
4500000284,000010,20260525,MAT000040,C00011,1000,4,PC,31.96,EUR
4500000284,000020,20260124,MAT000002,C00024,1000,31,KG,7441.24,USD
4500000285,000010,20260214,MAT000035,C00026,3000,34,KG,2352.80,CHF
4500000285,000020,20260525,MAT000032,C00033,2000,7,PC,985.46,CHF
4500000286,000010,20260810,MAT000058,C00035,3000,47,KG,2866.06,CHF
4500000286,000020,20260927,MAT000034,C00039,3000,4,KG,1336.20,EUR
4500000287,000010,20260301,MAT000039,C00037,2000,31,KG,1779.40,EUR
4500000287,000020,20260504,MAT000058,C00028,1000,49,KG,14954.80,USD
4500000288,000010,20260523,MAT000015,C00006,2000,47,kg,7264.79,CHF
4500000288,000020,20260919,MAT000030,C00005,1000,47,PC,17507.97,USD
4500000289,000010,20260704,MAT000031,C00030,1000,16,M,2217.28,USD
4500000289,000020,20260217,MAT000009,,2000,18,KG,4019.76,USD
4500000290,000010,20260314,MAT000027,C00039,2000,33,M,6327.75,EUR
4500000290,000020,20260927,MAT000060,C00015,3000,48,KG,17443.68,EUR
4500000291,000010,20260616,MAT000013,C00019,2000,30,PC,10971.00,CHF
4500000291,000020,20260107,MAT000002,C00016,1000,9,KG,367.74,EUR
4500000292,000010,20260909,MAT000008,C00007,2000,6,M,2157.42,USD
4500000292,000020,20260605,MAT000059,C00033,2000,46,M,10778.72,CHF
4500000293,000010,20260324,MAT000039,C00010,2000,43,KG,12111.38,EUR
4500000293,000020,20260104,MAT000012,C00027,3000,15,PC,4483.95,USD
4500000294,000010,20260124,MAT000037,C00003,2000,44,M,1510.96,EUR
4500000294,000020,20260802,MAT000033,C00013,3000,47,PC,14185.54,USD
4500000295,000010,20260221,MAT000045,C00025,3000,28,PC,4205.60,XXX
4500000295,000020,20260307,MAT900005,C00029,2000,26,M,4877.34,CHF
4500000296,000010,20260106,MAT000053,C00026,1000,-36,PC,10359.36,EUR
4500000296,000020,20260327,MAT000009,C00002,3000,15,KG,5812.20,CHF
4500000297,000010,20260320,MAT900000,C00023,1000,12,KG,3528.60,USD
4500000297,000020,20260902,MAT000041,C00004,3000,5,PC,713.95,USD
4500000298,000010,20260827,MAT000039,C00030,1000,32,KG,10374.08,CHF
4500000298,000020,20260628,MAT000040,C00024,1000,39,PC,10030.41,EUR
4500000299,000010,20260416,MAT000042,C00003,3000,21,PC,5286.75,EUR
4500000299,000020,20260901,MAT000030,C00021,2000,41,PC,6630.93,EUR
4500000232,000020,20260807,MAT000058,C00035,2000,16,KG,4340.80,CHF
4500000287,000010,20260301,MAT000039,C00037,2000,31,KG,1779.40,EUR
4500000040,000010,20260427,MAT000059,C00039,3000,30,M,1860.60,EUR
4500000221,000020,20260411,MAT000046,C00031,3000,24,KG,6749.28,USD
4500000192,000020,20260620,MAT000024,C00011,2000,45,KG,8631.45,EUR
4500000251,000020,20260121,MAT000037,C00024,1000,44,M,11943.36,EUR
